Year_BE,ProvinceName_TH,ProvinceName_EN,V,G,D,B,S,AvgVolumeTon
2568,ชลบุรี,Chon Buri,100,42,98.2,96.6,98.6,223780050
2568,สมุทรปราการ,Samut Prakan,69.3,41.3,99.8,100,92.6,7319111
2568,ระยอง,Rayong,90.6,46.2,52.6,57.3,86.5,78442205
2568,กรุงเทพมหานคร,Bangkok,77.6,42.3,46,99.7,97.9,18537410
2568,ภูเก็ต,Phuket,58.8,49.8,100,60.8,82.5,2277608
2568,สงขลา,Songkhla,64.2,44.4,71.8,55.5,100,4158876
2568,ระนอง,Ranong,56.6,48.4,80,82.4,28.1,1784164
2568,ประจวบคีรีขันธ์,Prachuapkhiri Khan,57.9,46.4,50.3,36.7,93.5,2069693
2568,ตรัง,Trang,57.7,40.7,67.9,20.3,93.6,2016268
2568,สุราษฎร์ธานี,Surat Thani,65.7,42.6,38,8.3,94.8,4913079
2568,นราธิวาส,Narathiwat,37,100,0,50.3,55.6,200325
2568,กระบี่,Krabi,58.2,37.2,59.6,7.6,80.2,2138101
2568,ฉะเชิงเทรา,Chachoengsao,46.8,34.9,81.4,25.6,73.1,601145
2568,เพชรบุรี,Phetchaburi,61.6,55.9,2.5,25.6,70.6,3101540
2568,เขตเศรษฐกิจจำเพาะ,Exclusive Economic Zone,63.1,41.6,4.2,17.3,92.8,3693561
2568,นครศรีธรรมราช,Nakhon Si Thammarat,55.3,45.1,25.1,0.3,99.3,1540918
2568,สมุทรสาคร,Samut Sakon,36.3,39.8,87.1,12.1,73.3,186237
2568,สตูล,Satun,17.6,54.3,71.6,15.8,54.4,23108
2568,ตราด,Trat,27.2,39.2,42.6,22.9,21.6,67361
2568,ปัตตานี,Pattani,5.7,0,71.3,53.2,20.7,6171
2568,พังงา,Phangnga,22.3,8.6,0,0,15.8,39000
2568,สมุทรสงคราม,Samut Songkram,0,0,83.2,0,0,3265
2568,พระนครศรีอยุธยา,Phra Nakhon Si Ayutthaya,3.6,0,0,0,0,4875
