ProvinceName_TH,V,G,D,B,S,AvgVolumeTon
ชลบุรี,19.2262,-0.0381,0.6894,0.9219,0.9518,223780050
สมุทรปราการ,15.8060,-0.0532,0.7002,0.9545,0.9160,7319111
ระยอง,18.1779,0.0585,0.3695,0.5467,0.8796,78442205
กรุงเทพมหานคร,16.7353,-0.0302,0.3231,0.9521,0.9473,18537410
ภูเก็ต,14.6386,0.1404,0.7019,0.5803,0.8562,2277608
สงขลา,15.2408,0.0164,0.5042,0.5295,0.9600,4158876
ระนอง,14.3945,0.1089,0.5614,0.7870,0.5331,1784164
ประจวบคีรีขันธ์,14.5429,0.0638,0.3530,0.3502,0.9214,2069693
ตรัง,14.5168,-0.0683,0.4764,0.1938,0.9218,2016268
สุราษฎร์ธานี,15.4074,-0.0239,0.2670,0.0796,0.9291,4913079
นราธิวาส,12.2077,1.2905,0.0000,0.4799,0.6960,200325
กระบี่,14.5754,-0.1484,0.4182,0.0721,0.8422,2138101
ฉะเชิงเทรา,13.3066,-0.2012,0.5713,0.2441,0.8002,601145
เพชรบุรี,14.9474,0.2793,0.0177,0.2440,0.7854,3101540
เขตเศรษฐกิจจำเพาะ,15.1221,-0.0479,0.0294,0.1647,0.9174,3693561
นครศรีธรรมราช,14.2479,0.0331,0.1763,0.0028,0.9559,1540918
สมุทรสาคร,12.1348,-0.0885,0.6112,0.1159,0.8014,186237
สตูล,10.0480,0.2444,0.5028,0.1505,0.6893,23108
ตราด,11.1178,-0.1024,0.2991,0.2190,0.4941,67361
ปัตตานี,8.7278,-1.0000,0.5004,0.5077,0.4889,6171
พังงา,10.5713,-0.8036,0.0000,0.0000,0.4598,39000
สมุทรสงคราม,8.0913,-1.0000,0.5836,0.0000,0.3660,3265
พระนครศรีอยุธยา,8.4921,-1.0000,0.0000,0.0000,0.3660,4875
